Unnamed: 0,ID,Name,Sex,Age,Height,Weight,Team,NOC,Games,Year,Season,City,Sport,Event,Medal
158,62,Giovanni Abagnale,M,21.0,198.0,90.0,Italy,ITA,2016 Summer,2016,Summer,Rio de Janeiro,Rowing,Rowing Men's Coxless Pairs,Bronze
1228,690,Chantal Achterberg,F,31.0,172.0,72.0,Netherlands,NED,2016 Summer,2016,Summer,Rio de Janeiro,Rowing,Rowing Women's Quadruple Sculls,Silver
6598,3691,Anne Dsane Andersen,F,23.0,183.0,86.0,Denmark,DEN,2016 Summer,2016,Summer,Rio de Janeiro,Rowing,Rowing Women's Coxless Pairs,Bronze
11648,6346,Jrmie Azou,M,27.0,178.0,71.0,France,FRA,2016 Summer,2016,Summer,Rio de Janeiro,Rowing,Rowing Men's Lightweight Double Sculls,Gold
14103,7612,Carina Br,F,26.0,185.0,75.0,Germany,GER,2016 Summer,2016,Summer,Rio de Janeiro,Rowing,Rowing Women's Quadruple Sculls,Gold
14871,8025,Thomas Gabriel Jrmie Baroukh,M,28.0,183.0,70.0,France,FRA,2016 Summer,2016,Summer,Rio de Janeiro,Rowing,Rowing Men's Lightweight Coxless Fours,Bronze
15215,8214,Jacob Jepsen Barse,M,27.0,188.0,73.0,Denmark,DEN,2016 Summer,2016,Summer,Rio de Janeiro,Rowing,Rowing Men's Lightweight Coxless Fours,Silver
17726,9432,"Genevieve ""Gen"" Behrent",F,25.0,183.0,73.0,New Zealand,NZL,2016 Summer,2016,Summer,Rio de Janeiro,Rowing,Rowing Women's Coxless Pairs,Silver
18441,9764,Alexander Belonogoff,M,26.0,187.0,90.0,Australia,AUS,2016 Summer,2016,Summer,Rio de Janeiro,Rowing,Rowing Men's Quadruple Sculls,Silver
19213,10173,Karen Bennett,F,27.0,179.0,75.0,Great Britain,GBR,2016 Summer,2016,Summer,Rio de Janeiro,Rowing,Rowing Women's Coxed Eights,Silver
19227,10181,Paul Bennett,M,27.0,207.0,100.0,Great Britain,GBR,2016 Summer,2016,Summer,Rio de Janeiro,Rowing,Rowing Men's Coxed Eights,Gold
19587,10341,Mdlina Bere,F,23.0,186.0,75.0,Romania,ROU,2016 Summer,2016,Summer,Rio de Janeiro,Rowing,Rowing Women's Coxed Eights,Bronze
21007,11094,Nicole Beukers,F,25.0,170.0,66.0,Netherlands,NED,2016 Summer,2016,Summer,Rio de Janeiro,Rowing,Rowing Women's Quadruple Sculls,Silver
24330,12757,Andreea Boghian,F,24.0,186.0,78.0,Romania,ROU,2016 Summer,2016,Summer,Rio de Janeiro,Rowing,Rowing Women's Coxed Eights,Bronze
25068,13120,Hamish Byron Bond,M,30.0,189.0,89.0,New Zealand,NZL,2016 Summer,2016,Summer,Rio de Janeiro,Rowing,Rowing Men's Coxless Pairs,Gold
25568,13359,"Joshua ""Josh"" Booth",M,25.0,190.0,93.0,Australia,AUS,2016 Summer,2016,Summer,Rio de Janeiro,Rowing,Rowing Men's Coxless Fours,Silver
25638,13395,Kjetil Borch,M,26.0,193.0,84.0,Norway,NOR,2016 Summer,2016,Summer,Rio de Janeiro,Rowing,Rowing Men's Double Sculls,Bronze
27347,14202,Carline Bouw,F,31.0,184.0,72.0,Netherlands,NED,2016 Summer,2016,Summer,Rio de Janeiro,Rowing,Rowing Women's Quadruple Sculls,Silver
29397,15181,Lawrence Brittain,M,25.0,187.0,94.0,South Africa,RSA,2016 Summer,2016,Summer,Rio de Janeiro,Rowing,Rowing Men's Coxless Pairs,Silver
30541,15743,Kristoffer Brun,M,28.0,175.0,70.0,Norway,NOR,2016 Summer,2016,Summer,Rio de Janeiro,Rowing,Rowing Men's Lightweight Double Sculls,Bronze
33246,17125,Denia Caballero Ponce,F,26.0,175.0,70.0,Cuba,CUB,2016 Summer,2016,Summer,Rio de Janeiro,Athletics,Athletics Women's Discus Throw,Bronze
35783,18389,Olivia Frances Carnegie-Brown,F,25.0,181.0,73.0,Great Britain,GBR,2016 Summer,2016,Summer,Rio de Janeiro,Rowing,Rowing Women's Coxed Eights,Silver
36723,18870,Matteo Castaldo,M,30.0,188.0,86.0,Italy,ITA,2016 Summer,2016,Summer,Rio de Janeiro,Rowing,Rowing Men's Coxless Fours,Bronze
41682,21492,Monika Ciaciuch,F,24.0,182.0,74.0,Poland,POL,2016 Summer,2016,Summer,Rio de Janeiro,Rowing,Rowing Women's Quadruple Sculls,Bronze
43149,22249,Roxana Gabriela Cogianu,F,29.0,180.0,72.0,Romania,ROU,2016 Summer,2016,Summer,Rio de Janeiro,Rowing,Rowing Women's Coxed Eights,Bronze
43242,22287,Adelina Maria Cojocariu-Bogus,F,27.0,186.0,75.0,Romania,ROU,2016 Summer,2016,Summer,Rio de Janeiro,Rowing,Rowing Women's Coxed Eights,Bronze
43276,22307,Thibault Colard,M,24.0,187.0,70.0,France,FRA,2016 Summer,2016,Summer,Rio de Janeiro,Rowing,Rowing Men's Lightweight Coxless Fours,Bronze
46500,23988,"Kimberley ""Kim"" Crow-Brennan",F,30.0,188.0,74.0,Australia,AUS,2016 Summer,2016,Summer,Rio de Janeiro,Rowing,Rowing Women's Single Sculls,Gold
51985,26718,Zoe Michaela  de Toledo,F,29.0,172.0,58.0,Great Britain,GBR,2016 Summer,2016,Summer,Rio de Janeiro,Rowing,Rowing Women's Coxed Eights,Silver
54773,28068,Marco Di Costanzo,M,24.0,184.0,87.0,Italy,ITA,2016 Summer,2016,Summer,Rio de Janeiro,Rowing,Rowing Men's Coxless Pairs,Bronze
58440,29899,Felix Drahotta,M,27.0,200.0,102.0,Germany,GER,2016 Summer,2016,Summer,Rio de Janeiro,Rowing,Rowing Men's Coxed Eights,Silver
58864,30126,Daniela Druncea,F,25.0,150.0,50.0,Romania,ROU,2016 Summer,2016,Summer,Rio de Janeiro,Rowing,Rowing Women's Coxed Eights,Bronze
58935,30156,Alexander Mah Owens Drysdale,M,37.0,200.0,102.0,New Zealand,NZL,2016 Summer,2016,Summer,Rio de Janeiro,Rowing,Rowing Men's Single Sculls,Gold
59027,30216,Duan Jingli,F,27.0,180.0,76.0,China,CHN,2016 Summer,2016,Summer,Rio de Janeiro,Rowing,Rowing Women's Single Sculls,Bronze
59895,30664,Joshua Dunkley-Smith,M,27.0,194.0,98.0,Australia,AUS,2016 Summer,2016,Summer,Rio de Janeiro,Rowing,Rowing Men's Coxless Fours,Silver
60169,30808,Scott David Durant,M,28.0,196.0,96.0,Great Britain,GBR,2016 Summer,2016,Summer,Rio de Janeiro,Rowing,Rowing Men's Coxed Eights,Gold
61219,31360,"Jessica Jane ""Jess"" Eddie",F,31.0,178.0,75.0,Great Britain,GBR,2016 Summer,2016,Summer,Rio de Janeiro,Rowing,Rowing Women's Coxed Eights,Silver
63201,32404,Amanda Elmore,F,25.0,180.0,80.0,United States,USA,2016 Summer,2016,Summer,Rio de Janeiro,Rowing,Rowing Women's Coxed Eights,Gold
63602,32577,Tnu Endrekson,M,37.0,198.0,104.0,Estonia,EST,2016 Summer,2016,Summer,Rio de Janeiro,Rowing,Rowing Men's Quadruple Sculls,Bronze
71367,36350,Karsten Forsterling,M,36.0,191.0,88.0,Australia,AUS,2016 Summer,2016,Summer,Rio de Janeiro,Rowing,Rowing Men's Quadruple Sculls,Silver
73971,37589,Magdalena Fularczyk-Kozowska,F,29.0,173.0,70.0,Poland,POL,2016 Summer,2016,Summer,Rio de Janeiro,Rowing,Rowing Women's Double Sculls,Gold
79876,40549,Cameron Girdlestone,M,28.0,190.0,92.0,Australia,AUS,2016 Summer,2016,Summer,Rio de Janeiro,Rowing,Rowing Men's Quadruple Sculls,Silver
80424,40818,Helen Rachel M. Glover,F,30.0,177.0,67.0,Great Britain,GBR,2016 Summer,2016,Summer,Rio de Janeiro,Rowing,Rowing Women's Coxless Pairs,Gold
80570,40904,Tessa Gobbo,F,25.0,185.0,82.0,United States,USA,2016 Summer,2016,Summer,Rio de Janeiro,Rowing,Rowing Women's Coxed Eights,Gold
82674,42000,"Matthew Anthony W. ""Matt"" Gotrel",M,27.0,195.0,95.0,Great Britain,GBR,2016 Summer,2016,Summer,Rio de Janeiro,Rowing,Rowing Men's Coxed Eights,Gold
83279,42312,Katherine Jane Grainger,F,40.0,183.0,78.0,Great Britain,GBR,2016 Summer,2016,Summer,Rio de Janeiro,Rowing,Rowing Women's Double Sculls,Silver
84101,42734,"Alexander John ""Alex"" Gregory",M,32.0,198.0,97.0,Great Britain,GBR,2016 Summer,2016,Summer,Rio de Janeiro,Rowing,Rowing Men's Coxless Fours,Gold
84273,42804,"Catherine Rose ""Katie"" Greves (-Solesbury)",F,33.0,179.0,71.0,Great Britain,GBR,2016 Summer,2016,Summer,Rio de Janeiro,Rowing,Rowing Women's Coxed Eights,Silver
84812,43037,Mindaugas Grikonis,M,30.0,190.0,92.0,Lithuania,LTU,2016 Summer,2016,Summer,Rio de Janeiro,Rowing,Rowing Men's Double Sculls,Silver
85408,43300,Hans Gruhne,M,27.0,193.0,92.0,Germany,GER,2016 Summer,2016,Summer,Rio de Janeiro,Rowing,Rowing Men's Quadruple Sculls,Gold
87541,44384,Mario-Elio Gyr,M,31.0,187.0,76.0,Switzerland,SUI,2016 Summer,2016,Summer,Rio de Janeiro,Rowing,Rowing Men's Lightweight Coxless Fours,Gold
91278,46275,Christoph Harting,M,26.0,207.0,120.0,Germany,GER,2016 Summer,2016,Summer,Rio de Janeiro,Athletics,Athletics Men's Discus Throw,Gold
92668,46951,Maaike Christiane Head,F,32.0,173.0,59.0,Netherlands,NED,2016 Summer,2016,Summer,Rio de Janeiro,Rowing,Rowing Women's Lightweight Double Sculls,Gold
94037,47603,Kaj Hendriks,M,28.0,197.0,95.0,Netherlands,NED,2016 Summer,2016,Summer,Rio de Janeiro,Rowing,Rowing Men's Coxed Eights,Bronze
95919,48553,"Alexander ""Alex"" Hill",M,23.0,194.0,92.0,Australia,AUS,2016 Summer,2016,Summer,Rio de Janeiro,Rowing,Rowing Men's Coxless Fours,Silver
95976,48586,Phelan Peter Hill,M,37.0,172.0,55.0,Great Britain,GBR,2016 Summer,2016,Summer,Rio de Janeiro,Rowing,Rowing Men's Coxed Eights,Gold
96504,48858,Sophie Hitchon,F,25.0,170.0,75.0,Great Britain,GBR,2016 Summer,2016,Summer,Rio de Janeiro,Athletics,Athletics Women's Hammer Throw,Bronze
99261,50228,Frances Julia Houghton,F,35.0,193.0,80.0,Great Britain,GBR,2016 Summer,2016,Summer,Rio de Janeiro,Rowing,Rowing Women's Coxed Eights,Silver
99267,50232,Pierre Houin,M,22.0,182.0,74.0,France,FRA,2016 Summer,2016,Summer,Rio de Janeiro,Rowing,Rowing Men's Lightweight Double Sculls,Gold
100101,50653,Huang Wenyi,F,25.0,178.0,63.0,China,CHN,2016 Summer,2016,Summer,Rio de Janeiro,Rowing,Rowing Women's Lightweight Double Sculls,Bronze
105630,53423,Malte Jakschik,M,23.0,194.0,93.0,Germany,GER,2016 Summer,2016,Summer,Rio de Janeiro,Rowing,Rowing Men's Coxed Eights,Silver
105842,53547,Andrei Jms,M,34.0,184.0,90.0,Estonia,EST,2016 Summer,2016,Summer,Rio de Janeiro,Rowing,Rowing Men's Quadruple Sculls,Bronze
106342,53798,Inge Janssen,F,27.0,182.0,74.0,Netherlands,NED,2016 Summer,2016,Summer,Rio de Janeiro,Rowing,Rowing Women's Quadruple Sculls,Silver
106826,54001,Daniel Jasinski,M,26.0,207.0,120.0,Germany,GER,2016 Summer,2016,Summer,Rio de Janeiro,Athletics,Athletics Men's Discus Throw,Bronze
107448,54302,Lindsay Jennerich,F,34.0,165.0,59.0,Canada,CAN,2016 Summer,2016,Summer,Rio de Janeiro,Rowing,Rowing Women's Lightweight Double Sculls,Silver
108903,55069,Eric Johannesen,M,28.0,193.0,100.0,Germany,GER,2016 Summer,2016,Summer,Rio de Janeiro,Rowing,Rowing Men's Coxed Eights,Silver
110948,56133,Morten Jrgensen,M,31.0,183.0,73.0,Denmark,DEN,2016 Summer,2016,Summer,Rio de Janeiro,Rowing,Rowing Men's Lightweight Coxless Fours,Silver
115218,58380,Shaun Keeling,M,29.0,196.0,94.0,South Africa,RSA,2016 Summer,2016,Summer,Rio de Janeiro,Rowing,Rowing Men's Coxless Pairs,Silver
122089,61721,Agnieszka Kobus,F,25.0,177.0,68.0,Poland,POL,2016 Summer,2016,Summer,Rio de Janeiro,Rowing,Rowing Women's Quadruple Sculls,Bronze
122884,62116,Sara Kolak,F,21.0,170.0,74.0,Croatia,CRO,2016 Summer,2016,Summer,Rio de Janeiro,Athletics,Athletics Women's Javelin Throw,Gold
128438,64676,Andreas Kuffner,M,29.0,196.0,94.0,Germany,GER,2016 Summer,2016,Summer,Rio de Janeiro,Rowing,Rowing Men's Coxed Eights,Silver
132169,66517,"Matthew Keir ""Matt"" Langridge",M,33.0,194.0,93.0,Great Britain,GBR,2016 Summer,2016,Summer,Rio de Janeiro,Rowing,Rowing Men's Coxed Eights,Gold
132723,66805,Jacob Sgaard Larsen,M,28.0,182.0,73.0,Denmark,DEN,2016 Summer,2016,Summer,Rio de Janeiro,Rowing,Rowing Men's Lightweight Coxless Fours,Silver
135586,68222,Zoe Samantha Lee,F,30.0,176.0,70.0,Great Britain,GBR,2016 Summer,2016,Summer,Rio de Janeiro,Rowing,Rowing Women's Coxed Eights,Silver
137307,69027,Joanna Leszczyska,F,27.0,183.0,75.0,Poland,POL,2016 Summer,2016,Summer,Rio de Janeiro,Rowing,Rowing Women's Quadruple Sculls,Bronze
138892,69771,Julia Lier,F,24.0,183.0,78.0,Germany,GER,2016 Summer,2016,Summer,Rio de Janeiro,Rowing,Rowing Women's Quadruple Sculls,Gold
141461,70979,William Lockwood,M,28.0,191.0,88.0,Australia,AUS,2016 Summer,2016,Summer,Rio de Janeiro,Rowing,Rowing Men's Coxless Fours,Silver
141484,70992,Matteo Lodo,M,21.0,196.0,90.0,Italy,ITA,2016 Summer,2016,Summer,Rio de Janeiro,Rowing,Rowing Men's Coxless Fours,Bronze
141592,71034,"Eleanor ""Elle"" Logan",F,28.0,188.0,86.0,United States,USA,2016 Summer,2016,Summer,Rio de Janeiro,Rowing,Rowing Women's Coxed Eights,Gold
142874,71687,Constantine Michael Louloudis,M,24.0,190.0,92.0,Great Britain,GBR,2016 Summer,2016,Summer,Rio de Janeiro,Rowing,Rowing Men's Coxless Fours,Gold
143561,72059,Robert Lcken,M,31.0,199.0,95.0,Netherlands,NED,2016 Summer,2016,Summer,Rio de Janeiro,Rowing,Rowing Men's Coxed Eights,Bronze
145769,73153,Natalia Madaj,F,28.0,175.0,68.0,Poland,POL,2016 Summer,2016,Summer,Rio de Janeiro,Rowing,Rowing Women's Double Sculls,Gold
150566,75551,Damir Martin,M,28.0,189.0,97.0,Croatia,CRO,2016 Summer,2016,Summer,Rio de Janeiro,Rowing,Rowing Men's Single Sculls,Silver
153743,77152,Piotr Maachowski,M,33.0,193.0,130.0,Poland,POL,2016 Summer,2016,Summer,Rio de Janeiro,Athletics,Athletics Men's Discus Throw,Silver
155284,77955,James McRae,M,29.0,193.0,93.0,Australia,AUS,2016 Summer,2016,Summer,Rio de Janeiro,Rowing,Rowing Men's Quadruple Sculls,Silver
157885,79256,Boaz Cornelius Meylink,M,32.0,195.0,93.0,Netherlands,NED,2016 Summer,2016,Summer,Rio de Janeiro,Rowing,Rowing Men's Coxed Eights,Bronze
162497,81588,Domenico Montrone,M,30.0,189.0,97.0,Italy,ITA,2016 Summer,2016,Summer,Rio de Janeiro,Rowing,Rowing Men's Coxless Fours,Bronze
165984,83359,Maximilian Munski,M,28.0,195.0,96.0,Germany,GER,2016 Summer,2016,Summer,Rio de Janeiro,Rowing,Rowing Men's Coxed Eights,Silver
166398,83571,Eric Gordon Murray,M,34.0,195.0,98.0,New Zealand,NZL,2016 Summer,2016,Summer,Rio de Janeiro,Rowing,Rowing Men's Coxless Pairs,Gold
166614,83692,Meghan Musnicki,F,33.0,183.0,73.0,United States,USA,2016 Summer,2016,Summer,Rio de Janeiro,Rowing,Rowing Women's Coxed Eights,Gold
168352,84598,George Christopher Nash,M,26.0,195.0,96.0,Great Britain,GBR,2016 Summer,2016,Summer,Rio de Janeiro,Rowing,Rowing Men's Coxless Fours,Gold
168806,84850,Dilshod Nazarov,M,34.0,187.0,120.0,Tajikistan,TJK,2016 Summer,2016,Summer,Rio de Janeiro,Athletics,Athletics Men's Hammer Throw,Gold
171349,86104,Simon Niepmann,M,31.0,180.0,71.0,Switzerland,SUI,2016 Summer,2016,Summer,Rio de Janeiro,Rowing,Rowing Men's Lightweight Coxless Fours,Gold
173647,87235,Wojciech Nowicki,M,27.0,196.0,128.0,Poland,POL,2016 Summer,2016,Summer,Rio de Janeiro,Athletics,Athletics Men's Hammer Throw,Bronze
174611,87710,Patricia Obee,F,24.0,165.0,60.0,Canada,CAN,2016 Summer,2016,Summer,Rio de Janeiro,Rowing,Rowing Women's Lightweight Double Sculls,Silver
175033,87939,Hannes Ocik,M,25.0,191.0,93.0,Germany,GER,2016 Summer,2016,Summer,Rio de Janeiro,Rowing,Rowing Men's Coxed Eights,Silver
175069,87962,Gary O'Donovan,M,23.0,172.0,70.0,Ireland,IRL,2016 Summer,2016,Summer,Rio de Janeiro,Rowing,Rowing Men's Lightweight Double Sculls,Silver
175070,87963,Paul O'Donovan,M,22.0,177.0,70.0,Ireland,IRL,2016 Summer,2016,Summer,Rio de Janeiro,Rowing,Rowing Men's Lightweight Double Sculls,Silver
177678,89300,Laura Oprea,F,22.0,186.0,75.0,Romania,ROU,2016 Summer,2016,Summer,Rio de Janeiro,Rowing,Rowing Women's Coxed Eights,Bronze
180928,90936,Pan Feihong,F,27.0,173.0,57.0,China,CHN,2016 Summer,2016,Summer,Rio de Janeiro,Rowing,Rowing Women's Lightweight Double Sculls,Bronze
183423,92193,Ilse Paulis,F,23.0,174.0,57.0,Netherlands,NED,2016 Summer,2016,Summer,Rio de Janeiro,Rowing,Rowing Women's Lightweight Double Sculls,Gold
185909,93475,Sandra Perkovi,F,26.0,183.0,85.0,Croatia,CRO,2016 Summer,2016,Summer,Rio de Janeiro,Athletics,Athletics Women's Discus Throw,Gold
187168,94066,Mihaela Petril,F,25.0,190.0,74.0,Romania,ROU,2016 Summer,2016,Summer,Rio de Janeiro,Rowing,Rowing Women's Coxed Eights,Bronze
190848,95862,Amanda Polk,F,30.0,180.0,84.0,United States,USA,2016 Summer,2016,Summer,Rio de Janeiro,Rowing,Rowing Women's Coxed Eights,Gold
191412,96123,Iuliana Popa,F,20.0,185.0,72.0,Romania,ROU,2016 Summer,2016,Summer,Rio de Janeiro,Rowing,Rowing Women's Coxed Eights,Bronze
196006,98419,Guillaume Louis  Benoit Raineau,M,30.0,187.0,71.0,France,FRA,2016 Summer,2016,Summer,Rio de Janeiro,Rowing,Rowing Men's Lightweight Coxless Fours,Bronze
196086,98448,Allar Raja,M,33.0,190.0,95.0,Estonia,EST,2016 Summer,2016,Summer,Rio de Janeiro,Rowing,Rowing Men's Quadruple Sculls,Bronze
196970,98886,"Thomas Matthew ""Tom"" Ransley",M,30.0,198.0,101.0,Great Britain,GBR,2016 Summer,2016,Summer,Rio de Janeiro,Rowing,Rowing Men's Coxed Eights,Gold
197239,99021,Hedvig Lrke Berg Rasmussen,F,22.0,187.0,79.0,Denmark,DEN,2016 Summer,2016,Summer,Rio de Janeiro,Rowing,Rowing Women's Coxless Pairs,Bronze
198211,99523,"Peter ""Pete"" Reed",M,35.0,197.0,100.0,Great Britain,GBR,2016 Summer,2016,Summer,Rio de Janeiro,Rowing,Rowing Men's Coxed Eights,Gold
198289,99568,Emily Regan,F,28.0,188.0,81.0,United States,USA,2016 Summer,2016,Summer,Rio de Janeiro,Rowing,Rowing Women's Coxed Eights,Gold
198703,99780,Maximilian Reinelt,M,27.0,195.0,98.0,Germany,GER,2016 Summer,2016,Summer,Rio de Janeiro,Rowing,Rowing Men's Coxed Eights,Silver
201228,101070,Saulius Ritter,M,27.0,202.0,110.0,Lithuania,LTU,2016 Summer,2016,Summer,Rio de Janeiro,Rowing,Rowing Men's Double Sculls,Silver
201639,101273,Mlina Robert-Michon,F,37.0,180.0,85.0,France,FRA,2016 Summer,2016,Summer,Rio de Janeiro,Athletics,Athletics Women's Discus Throw,Silver
202833,101889,Boudewijn Rell,M,27.0,195.0,100.0,Netherlands,NED,2016 Summer,2016,Summer,Rio de Janeiro,Rowing,Rowing Men's Coxed Eights,Bronze
203161,102024,Thomas Rhler,M,24.0,192.0,92.0,Germany,GER,2016 Summer,2016,Summer,Rio de Janeiro,Athletics,Athletics Men's Javelin Throw,Gold
211029,105974,"William Spencer ""Will"" Satch",M,27.0,198.0,100.0,Great Britain,GBR,2016 Summer,2016,Summer,Rio de Janeiro,Rowing,Rowing Men's Coxed Eights,Gold
211287,106100,Martin Sauer,M,33.0,169.0,55.0,Germany,GER,2016 Summer,2016,Summer,Rio de Janeiro,Rowing,Rowing Men's Coxed Eights,Silver
211987,106423,"Mohamed Karim ""Moe"" Sbihi",M,28.0,202.0,110.0,Great Britain,GBR,2016 Summer,2016,Summer,Rio de Janeiro,Rowing,Rowing Men's Coxless Fours,Gold
213132,107024,Lauren Schmetterling,F,28.0,180.0,77.0,United States,USA,2016 Summer,2016,Summer,Rio de Janeiro,Rowing,Rowing Women's Coxed Eights,Gold
213226,107069,Lisa Schmidla,F,25.0,173.0,76.0,Germany,GER,2016 Summer,2016,Summer,Rio de Janeiro,Rowing,Rowing Women's Quadruple Sculls,Gold
213343,107131,Richard Schmidt,M,29.0,191.0,87.0,Germany,GER,2016 Summer,2016,Summer,Rio de Janeiro,Rowing,Rowing Men's Coxed Eights,Silver
213949,107434,Lauritz Schoof,M,25.0,195.0,98.0,Germany,GER,2016 Summer,2016,Summer,Rio de Janeiro,Rowing,Rowing Men's Quadruple Sculls,Gold
214534,107703,Karl Schulze,M,28.0,190.0,100.0,Germany,GER,2016 Summer,2016,Summer,Rio de Janeiro,Rowing,Rowing Men's Quadruple Sculls,Gold
214624,107750,Simon Schrch,M,25.0,186.0,75.0,Switzerland,SUI,2016 Summer,2016,Summer,Rio de Janeiro,Rowing,Rowing Men's Lightweight Coxless Fours,Gold
215212,108041,Rebecca Scown,F,32.0,178.0,70.0,New Zealand,NZL,2016 Summer,2016,Summer,Rio de Janeiro,Rowing,Rowing Women's Coxless Pairs,Silver
219503,110265,Olivier Floris Johannes Siegelaar,M,29.0,197.0,100.0,Netherlands,NED,2016 Summer,2016,Summer,Rio de Janeiro,Rowing,Rowing Men's Coxed Eights,Bronze
220444,110718,Kerry Simmonds,F,27.0,183.0,82.0,United States,USA,2016 Summer,2016,Summer,Rio de Janeiro,Rowing,Rowing Women's Coxed Eights,Gold
221462,111300,Martin Sinkovi,M,26.0,188.0,95.0,Croatia,CRO,2016 Summer,2016,Summer,Rio de Janeiro,Rowing,Rowing Men's Double Sculls,Gold
221464,111301,Valent Sinkovi,M,28.0,187.0,93.0,Croatia,CRO,2016 Summer,2016,Summer,Rio de Janeiro,Rowing,Rowing Men's Double Sculls,Gold
224159,112592,Katelin Snyder (-Guregian),F,28.0,163.0,50.0,United States,USA,2016 Summer,2016,Summer,Rio de Janeiro,Rowing,Rowing Women's Coxed Eights,Gold
224775,112904,Franck Robert Bernard Solforosi,M,31.0,184.0,70.0,France,FRA,2016 Summer,2016,Summer,Rio de Janeiro,Rowing,Rowing Men's Lightweight Coxless Fours,Bronze
226762,113946,Barbora potkov,F,35.0,182.0,80.0,Czech Republic,CZE,2016 Summer,2016,Summer,Rio de Janeiro,Athletics,Athletics Women's Javelin Throw,Bronze
226849,113991,Maria Springwald,F,25.0,174.0,69.0,Poland,POL,2016 Summer,2016,Summer,Rio de Janeiro,Rowing,Rowing Women's Quadruple Sculls,Bronze
227632,114367,Heather Mary Stanning,F,31.0,181.0,72.0,Great Britain,GBR,2016 Summer,2016,Summer,Rio de Janeiro,Rowing,Rowing Women's Coxless Pairs,Gold
229986,115459,"Genevra ""Gevvie"" Stone",F,31.0,183.0,71.0,United States,USA,2016 Summer,2016,Summer,Rio de Janeiro,Rowing,Rowing Women's Single Sculls,Silver
230399,115643,Are Weierholt Strandli,M,27.0,181.0,69.0,Norway,NOR,2016 Summer,2016,Summer,Rio de Janeiro,Rowing,Rowing Men's Lightweight Double Sculls,Bronze
230899,115883,Ioana Strungaru (Crciun-),F,27.0,180.0,77.0,Romania,ROU,2016 Summer,2016,Summer,Rio de Janeiro,Rowing,Rowing Women's Coxed Eights,Bronze
233432,117068,Polly Ann M. Swann,F,28.0,185.0,76.0,Great Britain,GBR,2016 Summer,2016,Summer,Rio de Janeiro,Rowing,Rowing Women's Coxed Eights,Silver
233799,117258,Ondej Synek,M,33.0,199.0,105.0,Czech Republic,CZE,2016 Summer,2016,Summer,Rio de Janeiro,Rowing,Rowing Men's Single Sculls,Bronze
234967,117835,Kaspar Taimsoo,M,29.0,194.0,95.0,Estonia,EST,2016 Summer,2016,Summer,Rio de Janeiro,Rowing,Rowing Men's Quadruple Sculls,Bronze
238711,119662,Annekatrin Thiele,F,31.0,173.0,68.0,Germany,GER,2016 Summer,2016,Summer,Rio de Janeiro,Rowing,Rowing Women's Quadruple Sculls,Gold
239593,120074,Victoria Thornley,F,28.0,193.0,76.0,Great Britain,GBR,2016 Summer,2016,Summer,Rio de Janeiro,Rowing,Rowing Women's Double Sculls,Silver
240082,120312,Ivan Grigoryevich Tikhon,M,40.0,186.0,110.0,Belarus,BLR,2016 Summer,2016,Summer,Rio de Janeiro,Athletics,Athletics Men's Hammer Throw,Silver
242890,121635,Lucas Tramr,M,26.0,183.0,75.0,Switzerland,SUI,2016 Summer,2016,Summer,Rio de Janeiro,Rowing,Rowing Men's Lightweight Coxless Fours,Gold
243432,121915,"Andrew ""Andy"" Triggs Hodge",M,37.0,192.0,97.0,Great Britain,GBR,2016 Summer,2016,Summer,Rio de Janeiro,Rowing,Rowing Men's Coxed Eights,Gold
244737,122530,Olaf Karl Tufte,M,40.0,193.0,94.0,Norway,NOR,2016 Summer,2016,Summer,Rio de Janeiro,Rowing,Rowing Men's Double Sculls,Bronze
246036,123195,Dirk Uittenbogaard,M,26.0,199.0,93.0,Netherlands,NED,2016 Summer,2016,Summer,Rio de Janeiro,Rowing,Rowing Men's Coxed Eights,Bronze
247431,123871,Milda Valiukait,F,22.0,176.0,66.0,Lithuania,LTU,2016 Summer,2016,Summer,Rio de Janeiro,Rowing,Rowing Women's Double Sculls,Bronze
251892,126144,"Pieter Gilles ""Mechiel"" Versluis",M,29.0,197.0,95.0,Netherlands,NED,2016 Summer,2016,Summer,Rio de Janeiro,Rowing,Rowing Men's Coxed Eights,Bronze
252281,126330,Giuseppe Vicino,M,23.0,195.0,95.0,Italy,ITA,2016 Summer,2016,Summer,Rio de Janeiro,Rowing,Rowing Men's Coxless Fours,Bronze
252787,126574,Sunette Stella Viljoen,F,32.0,170.0,72.0,South Africa,RSA,2016 Summer,2016,Summer,Rio de Janeiro,Athletics,Athletics Women's Javelin Throw,Silver
253344,126862,Donata Vitartait,F,27.0,170.0,62.0,Lithuania,LTU,2016 Summer,2016,Summer,Rio de Janeiro,Rowing,Rowing Women's Double Sculls,Bronze
255734,128033,Keshorn Walcott,M,23.0,183.0,90.0,Trinidad and Tobago,TTO,2016 Summer,2016,Summer,Rio de Janeiro,Athletics,Athletics Men's Javelin Throw,Bronze
258859,129601,Phillipp Wende,M,31.0,199.0,90.0,Germany,GER,2016 Summer,2016,Summer,Rio de Janeiro,Rowing,Rowing Men's Quadruple Sculls,Gold
260260,130259,Peter Noel Jan Wiersum,M,31.0,173.0,55.0,Netherlands,NED,2016 Summer,2016,Summer,Rio de Janeiro,Rowing,Rowing Men's Coxed Eights,Bronze
260338,130298,Tone Wieten,M,22.0,201.0,102.0,Netherlands,NED,2016 Summer,2016,Summer,Rio de Janeiro,Rowing,Rowing Men's Coxed Eights,Bronze
261547,130868,Melanie Kate Wilson,F,32.0,184.0,75.0,Great Britain,GBR,2016 Summer,2016,Summer,Rio de Janeiro,Rowing,Rowing Women's Coxed Eights,Silver
261973,131072,Kasper Winther Jrgensen,M,31.0,182.0,73.0,Denmark,DEN,2016 Summer,2016,Summer,Rio de Janeiro,Rowing,Rowing Men's Lightweight Coxless Fours,Silver
262213,131193,Anita Wodarczyk,F,30.0,178.0,95.0,Poland,POL,2016 Summer,2016,Summer,Rio de Janeiro,Athletics,Athletics Women's Hammer Throw,Gold
265312,132776,Julius Kiplagat Yego,M,27.0,175.0,94.0,Kenya,KEN,2016 Summer,2016,Summer,Rio de Janeiro,Athletics,Athletics Men's Javelin Throw,Silver
268944,134559,Zhang Wenxiu,F,30.0,183.0,105.0,China,CHN,2016 Summer,2016,Summer,Rio de Janeiro,Athletics,Athletics Women's Hammer Throw,Silver
